post	/authorizations	authorizations.
get	/badges	badges.
post	/bands	bands.
delete	/bands/{bandId}	bands.
get	/bands/{bandId}	bands.
patch	/bands/{bandId}	bands.
get	/bands/{bandId}/invites	bands.invites.
post	/bands/{bandId}/invites	bands.invites.
get	/bands/{bandId}/members	bands.members.
delete	/bands/{bandId}/members/{userId}	bands.members.
get	/bands/{bandId}/members/{userId}	bands.members.
patch	/bands/{bandId}/members/{userId}	bands.members.
get	/bands/{bandId}/posts	bands.
get	/bands/{bandId}/songs	bands.
post	/collections	collections.
delete	/collections/{collectionId}	collections.
get	/collections/{collectionId}	collections.
patch	/collections/{collectionId}	collections.
delete	/collections/{collectionId}/likes	collections.likes.
get	/collections/{collectionId}/likes	collections.likes.
post	/collections/{collectionId}/likes	collections.likes.
delete	/collections/{collectionId}/posts/{postId}	collections.posts.
get	/collections/{collectionId}/posts/{postId}	collections.posts.
patch	/collections/{collectionId}/posts/{postId}	collections.posts.
post	/collections/{collectionId}/posts/{postId}	collections.posts.
post	/communities	communities.
delete	/communities/{communityId}	communities.
get	/communities/{communityId}	communities.
patch	/communities/{communityId}	communities.
get	/communities/{communityId}/members	communities.members.
delete	/communities/{communityId}/members/{userId}	communities.members.
get	/communities/{communityId}/members/{userId}	communities.members.
patch	/communities/{communityId}/members/{userId}	communities.members.
get	/community/{communityId}/invites	communities.invites.
post	/community/{communityId}/invites	communities.invites.
get	/community/{communityId}/posts	communities.posts.
post	/community/{communityId}/posts	communities.posts.
post	/emails/confirmations	emails.confirmations.
put	/emails/confirmations	emails.confirmations.
post	/feedback	feedback.
get	/genres	genres.
post	/images/{imageId}/posts	images.
post	/invites	invites.
delete	/invites/{inviteId}	invites.
get	/invites/{inviteId}	invites.
put	/invites/{inviteId}	invites.
get	/labels	labels.
get	/logins	logins.
post	/logins	logins.
delete	/logins/{providerType}	logins.
put	/logins/{providerType}	logins.
get	/me	me.
patch	/me	me.
delete	/passwords	passwords.
post	/passwords	passwords.
put	/passwords	passwords.
get	/posts	posts.
delete	/posts/{postId}	posts.
get	/posts/{postId}	posts.
patch	/posts/{postId}	posts.
get	/posts/{postId}/comments	posts.comments.
post	/posts/{postId}/comments	posts.comments.
delete	/posts/{postId}/comments/{commentId}	posts.comments.
delete	/posts/{postId}/likes	posts.likes.
get	/posts/{postId}/likes	posts.likes.
post	/posts/{postId}/likes	posts.likes.
delete	/push/registrations	push.registrations.
post	/push/registrations	push.registrations.
post	/reports	reports.
post	/revisions	revisions.
get	/revisions/{revisionId}	revisions.
patch	/revisions/{revisionId}	revisions.
post	/revisions/{revisionId}/plays	revisions.
get	/search	search.
get	/search/bands	search.
get	/search/collections	search.
get	/search/songs	search.
get	/search/users	search.
get	/settings/notifications/email	settings.notifications.email.
patch	/settings/notifications/email	settings.notifications.email.
get	/settings/notifications/push	settings.notifications.push.
patch	/settings/notifications/push	settings.notifications.push.
get	/skills	skills.
get	/song/{songId}/invites	songs.invites.
post	/song/{songId}/invites	songs.invites.
get	/song/{songId}/posts	songs.
delete	/songs/{songId}	songs.
get	/songs/{songId}	songs.
patch	/songs/{songId}	songs.
get	/songs/{songId}/collaborators	songs.collaborators.
delete	/songs/{songId}/collaborators/{userId}	songs.collaborators.
get	/songs/{songId}/revisions	songs.revisions.
post	/songs/{songId}/revisions/{revisonId}/forks	songs.revisions.
get	/users/{userId}	users.
get	/users/{userId}/bands	users.
get	/users/{userId}/blocks/users	users.blocks.users.
delete	/users/{userId}/blocks/users/{blockedUserId}	users.blocks.users.
post	/users/{userId}/blocks/users/{blockedUserId}	users.blocks.users.
get	/users/{userId}/collections	users.
get	/users/{userId}/communities	users.
get	/users/{userId}/contacts/bands	users.contacts.
get	/users/{userId}/contacts/users	users.contacts.
delete	/users/{userId}/followers	users.followers.
get	/users/{userId}/followers	users.followers.
post	/users/{userId}/followers	users.followers.
get	/users/{userId}/following	users.following.
get	/users/{userId}/following/posts	users.following.
get	/users/{userId}/invites	users.invites.
post	/users/{userId}/invites	users.invites.
post	/users/{userId}/keys	users.
get	/users/{userId}/notifications	users.notifications.
patch	/users/{userId}/notifications	users.notifications.
get	/users/{userId}/notifications/count	users.notifications.
get	/users/{userId}/notifications/following	users.notifications.
patch	/users/{userId}/notifications/{notificationId}	users.notifications.
get	/users/{userId}/posts	users.
get	/users/{userId}/recommendations/users	users.recommendations.
get	/users/{userId}/songs	users.
get	/validation/{entityType}	validation.
get	/versions/{clientId}	versions.
get	/versions/{clientId}/{version}/valid	versions.
post	/videos/{videoId}/posts	videos.
post	/videos/{videoId}/views	videos.
